date,state,compound,pos,neg,neu,count,num_sentence
1030,Rhode Island,0.044845,0.162736667,0.093054444,0.744186667,15,2.466666667
1030,Connecticut,-0.050770894,0.094457937,0.107521981,0.798060801,69,2.463768116
1030,Massachusetts,0.023801276,0.104391182,0.086752072,0.808873927,162,2.25308642
1030,New Hampshire,-0.093010349,0.081515635,0.121286984,0.797208492,30,2.966666667
1030,Vermont,0.003336111,0.065444444,0.085055556,0.8495,9,2.555555556
1030,Delaware,0.065126,0.111558333,0.081396667,0.807028333,20,2.55
1030,Oklahoma,0.036655182,0.11321697,0.083702727,0.803093939,55,2.509090909
1030,Nevada,-0.06695244,0.068364494,0.090767354,0.840865474,168,2.494047619
1030,New Mexico,-0.006805556,0.104330556,0.114594444,0.78109537,36,2.25
1030,California,0.038388573,0.104419457,0.083696542,0.81188457,872,2.308486239
1030,Texas,0.020062586,0.09778469,0.089401956,0.81281625,564,2.404255319
1030,Florida,-0.002754399,0.098356367,0.090232262,0.811421004,436,2.426605505
1030,Pennsylvania,0.001739592,0.094790653,0.098646403,0.806557938,235,2.323404255
1030,New York,0.030733793,0.095210588,0.081159847,0.823635038,556,2.285971223
1030,Illinois,-0.032344022,0.086961122,0.104855926,0.808199989,225,2.324444444
1030,Ohio,-0.019463063,0.10279581,0.107732309,0.789476164,179,2.536312849
1030,Georgia,0.038526348,0.097459669,0.083967236,0.81857165,173,2.196531792
1030,North Carolina,-0.028094512,0.082156323,0.099219444,0.818609418,180,2.322222222
1030,Michigan,0.006833653,0.089960667,0.100066534,0.809962921,151,2.562913907
1030,New Jersey,0.0086187,0.098798577,0.100446617,0.800752551,133,2.541353383
1030,Virginia,0.02030028,0.082171709,0.072590837,0.845226271,178,2.460674157
1030,Washington,0.000263201,0.089464393,0.086803115,0.823713062,193,2.575129534
1030,Arizona,-0.002742816,0.094415367,0.0936482,0.811932266,164,2.62195122
1030,Tennessee,0.030989738,0.100843047,0.094557927,0.804604708,132,2.545454545
1030,Indiana,0.062944467,0.116361583,0.083481583,0.800146,100,2.42
1030,Missouri,0.03489932,0.102315881,0.074809131,0.822870177,97,2.587628866
1030,Maryland,0.008675196,0.104628268,0.110570588,0.784784477,102,1.980392157
1030,Wisconsin,0.00724881,0.095598685,0.08942746,0.814981791,105,2.561904762
1030,Colorado,0.019536382,0.089821646,0.093095577,0.81710146,137,2.540145985
1030,Minnesota,-0.040458892,0.080543688,0.099368891,0.820070173,172,2.51744186
1030,South Carolina,-0.003089878,0.096115778,0.104853889,0.799025333,75,2.253333333
1030,Alabama,0.098935333,0.095541944,0.061933333,0.842523333,60,2.316666667
1030,Louisiana,-0.010930449,0.077834651,0.079472619,0.84269273,56,2.303571429
1030,Kentucky,0.07773439,0.109319249,0.077410094,0.813284742,71,2.056338028
1030,Oregon,-0.020741961,0.08910831,0.108945262,0.801940333,100,2.73
1030,Utah,-0.031658845,0.063964991,0.07330689,0.862750931,179,2.653631285
1030,Iowa,-0.029297443,0.067770445,0.08481972,0.847371791,46,2.5
1030,Arkansas,0.076512469,0.162387037,0.086488272,0.751137037,27,2.555555556
1030,Mississippi,0.064246398,0.10675,0.087954301,0.805352151,31,2.096774194
1030,Kansas,-0.024326667,0.068090385,0.104071154,0.827838462,52,2.653846154
1030,Nebraska,0.05742461,0.11627234,0.08635922,0.797379078,47,2.255319149
1030,West Virginia,0.013325,0.101722222,0.104829365,0.793452381,21,2.333333333
1030,Idaho,0.065912267,0.075988,0.085463333,0.838535333,25,2.32
1030,Hawaii,0.016721389,0.063202778,0.063415556,0.873331667,30,2.433333333
1030,Maine,0.014052469,0.124104938,0.085716049,0.790234568,27,1.888888889
1030,Montana,0.090199649,0.086625624,0.076384921,0.836981519,21,3
1030,South Dakota,0.1763415,0.15094,0.03834,0.81072,10,2.4
1030,North Dakota,-0.093235,0.090672222,0.142905556,0.7664,15,2
1030,Wyoming,0.033542857,0.094214286,0.044857143,0.860928571,7,1.428571429
1030,"Washington, D.C.",0.034482689,0.099904,0.071620667,0.828464222,75,2.026666667
1031,Rhode Island,0.036764423,0.097692857,0.086809668,0.815535354,33,2.484848485
1031,Connecticut,0.024789971,0.114269764,0.09550354,0.790215634,113,2.061946903
1031,Massachusetts,0.073700388,0.111895208,0.08064248,0.807451895,240,2.195833333
1031,New Hampshire,-0.056011304,0.093572101,0.10525942,0.801161232,46,2.260869565
1031,Vermont,0.162116111,0.158644444,0.075038889,0.766394444,15,2
1031,Delaware,0.108208378,0.088376577,0.052426126,0.859136486,37,1.837837838
1031,Oklahoma,0.016002367,0.089228598,0.077238826,0.83355625,88,2.352272727
1031,Nevada,0.00756491,0.094644153,0.072154499,0.833191679,181,2.61878453
1031,New Mexico,0.01933227,0.11368617,0.07812234,0.808163121,47,2.276595745
1031,California,0.052171568,0.119553306,0.084707384,0.79573909,1323,2.340891912
1031,Texas,0.065298697,0.121270593,0.082265754,0.796470868,820,2.252439024
1031,Florida,0.022285656,0.10516682,0.090394887,0.804434512,670,2.314925373
1031,Pennsylvania,0.025950238,0.098591852,0.093887826,0.807529058,372,2.212365591
1031,New York,0.057929925,0.103286997,0.074729281,0.821984712,765,2.202614379
1031,Illinois,0.034521743,0.11142435,0.085960281,0.802616911,346,2.234104046
1031,Ohio,0.07064097,0.110886996,0.067836987,0.821264249,262,2.152671756
1031,Georgia,0.051392791,0.115641695,0.084144863,0.800199172,292,1.965753425
1031,North Carolina,0.063604239,0.109950191,0.076196199,0.813842254,204,2.357843137
1031,Michigan,0.047831248,0.101636674,0.072664516,0.825689977,217,2.073732719
1031,New Jersey,0.032899808,0.10457427,0.089061982,0.806381797,217,2.193548387
1031,Virginia,0.060441985,0.10847195,0.084414175,0.807106572,194,2.298969072
1031,Washington,0.002953407,0.098054509,0.088005569,0.813956423,301,2.411960133
1031,Arizona,0.057236744,0.118433947,0.079160346,0.802414635,252,2.28968254
1031,Tennessee,0.058466729,0.100810308,0.078516423,0.820667113,176,2.369318182
1031,Indiana,0.049525571,0.109164498,0.082977169,0.80788379,146,2.356164384
1031,Missouri,0.089470139,0.10059188,0.063504746,0.835868054,151,2.231788079
1031,Maryland,0.053636593,0.108383124,0.072951992,0.81867348,159,1.918238994
1031,Wisconsin,0.083699175,0.113736667,0.065667778,0.820582857,105,2.276190476
1031,Colorado,-0.003822995,0.088117869,0.095549427,0.816337201,173,2.306358382
1031,Minnesota,0.057548642,0.100607973,0.070125548,0.829259352,152,2.578947368
1031,South Carolina,0.018604766,0.096502344,0.077321615,0.826185156,128,2.3046875
1031,Alabama,0.044681648,0.104268199,0.080555172,0.815163218,87,2.413793103
1031,Louisiana,0.098121744,0.115083333,0.074981266,0.809943152,129,2.054263566
1031,Kentucky,0.03595685,0.115023228,0.087410892,0.79757874,127,2.275590551
1031,Oregon,0.092400812,0.120181398,0.068027096,0.811761696,123,2.455284553
1031,Utah,0.072697197,0.118164584,0.073870332,0.807985355,74,2.648648649
1031,Iowa,0.011367284,0.074538889,0.072335185,0.853144444,54,2.407407407
1031,Arkansas,0.022229787,0.089911404,0.078812949,0.831258104,57,2.526315789
1031,Mississippi,0.094954505,0.104259009,0.050918919,0.844808559,37,1.756756757
1031,Kansas,0.026776215,0.081142938,0.08820791,0.83065339,59,2.237288136
1031,Nebraska,0.016873269,0.105198077,0.082289487,0.812517564,65,2.246153846
1031,West Virginia,0.093279701,0.105536325,0.045888889,0.848608974,39,1.794871795
1031,Idaho,0.094692244,0.120490385,0.064583333,0.814919872,26,2.653846154
1031,Hawaii,0.16000462,0.121234386,0.06505174,0.813666255,52,2.096153846
1031,Maine,0.040858775,0.115091176,0.087917647,0.797026471,34,2.352941176
1031,Montana,0.060235,0.10465,0.076129167,0.819220833,16,2.3125
1031,South Dakota,0.148091667,0.117472222,0.0342,0.848294444,15,1.8
1031,North Dakota,0.14459,0.170722222,0.102733333,0.726544444,15,1.666666667
1031,Wyoming,0.092177083,0.094375,0.053041667,0.852583333,8,2.375
1031,"Washington, D.C.",0.066958883,0.108095745,0.075166312,0.816750355,94,2.223404255
1102,Rhode Island,0.001840299,0.087260684,0.079599145,0.833152991,39,2.282051282
1102,Connecticut,-0.034616027,0.084453653,0.097769635,0.817755023,73,2.246575342
1102,Massachusetts,-0.007051231,0.098775,0.096323188,0.804910662,226,2.066371681
1102,New Hampshire,-0.075963851,0.053891954,0.104556897,0.841585632,29,1.862068966
1102,Vermont,-0.107457,0.100032222,0.15408,0.745943333,15,2.533333333
1102,Delaware,-0.057741667,0.072479167,0.118354167,0.809145833,16,2
1102,Oklahoma,-0.028279605,0.094102825,0.104984463,0.800936723,59,2.525423729
1102,Nevada,-0.000973252,0.106063387,0.087646392,0.806258078,98,2.397959184
1102,New Mexico,-0.014986879,0.100092199,0.124054965,0.77581383,47,2.063829787
1102,California,0.02290648,0.099178695,0.089477315,0.811332449,943,2.282078473
1102,Texas,0.016851616,0.098385517,0.090783931,0.810831775,627,2.23923445
1102,Florida,-0.013081507,0.09483355,0.093483065,0.811696026,472,2.417372881
1102,Pennsylvania,-0.032737764,0.087202151,0.099191013,0.8136119,328,2.411585366
1102,New York,0.017366722,0.084004398,0.069642655,0.846352387,595,2.173109244
1102,Illinois,0.04922251,0.098287022,0.086892857,0.814816662,265,2.18490566
1102,Ohio,0.021210409,0.094222195,0.08874433,0.817039831,236,2.110169492
1102,Georgia,-0.013175241,0.095200434,0.093614692,0.811175237,211,2.345971564
1102,North Carolina,0.026597536,0.107095768,0.083878647,0.809028764,173,2.514450867
1102,Michigan,0.052684973,0.10822854,0.085005335,0.80678099,189,2.322751323
1102,New Jersey,-0.02196342,0.093243846,0.097557946,0.809207598,142,2.570422535
1102,Virginia,-0.02117625,0.083087285,0.106163431,0.810750573,194,2.396907216
1102,Washington,0.030462417,0.095855874,0.078728305,0.825392794,152,2.302631579
1102,Arizona,0.025110261,0.096755307,0.087926071,0.815327002,179,2.061452514
1102,Tennessee,0.03622549,0.088734742,0.0779049,0.833357928,144,2.631944444
1102,Indiana,0.020086263,0.094822008,0.078678592,0.826520704,115,2.330434783
1102,Missouri,0.062924254,0.114376032,0.063666825,0.821947302,105,2.533333333
1102,Maryland,0.070728565,0.110050138,0.065665631,0.824302346,138,2.072463768
1102,Wisconsin,0.064560608,0.095300434,0.073513455,0.83119783,96,2.104166667
1102,Colorado,0.019422997,0.093852661,0.076555042,0.829628011,119,2.285714286
1102,Minnesota,-0.074224149,0.076865377,0.115088393,0.808053175,120,2.591666667
1102,South Carolina,0.042683483,0.089697512,0.069252488,0.841082338,67,2.149253731
1102,Alabama,0.010192345,0.096710169,0.098114407,0.805179661,59,2.254237288
1102,Louisiana,0.025480077,0.10728833,0.087439068,0.805268377,71,2.112676056
1102,Kentucky,0.092918304,0.117167268,0.068357888,0.814483261,99,2.303030303
1102,Oregon,-0.098351888,0.077950438,0.119642583,0.802433799,87,2.632183908
1102,Utah,0.021653117,0.061908333,0.051593673,0.886496759,108,2.601851852
1102,Iowa,0.051473732,0.112054348,0.067971014,0.820003623,46,2.5
1102,Arkansas,0.000668056,0.101081481,0.106977778,0.791951852,30,2.4
1102,Mississippi,-0.019197669,0.06570625,0.086339187,0.84793373,48,2.541666667
1102,Kansas,0.004805293,0.098739969,0.073891049,0.827402932,54,2.814814815
1102,Nebraska,-0.034175135,0.089828829,0.082333333,0.827815315,37,2.378378378
1102,West Virginia,-0.008859839,0.061326165,0.06597043,0.872714158,31,3.032258065
1102,Idaho,0.018158889,0.134026389,0.077533333,0.788440278,12,1.833333333
1102,Hawaii,0.013415892,0.083556397,0.071603535,0.844850168,33,2.575757576
1102,Maine,-0.048247011,0.077986861,0.100442857,0.821607319,27,2.444444444
1102,Montana,-0.029701042,0.072625,0.059734375,0.867640625,16,2.5
1102,South Dakota,-0.018795926,0.09387037,0.084825,0.82130463,18,3
1102,North Dakota,0.089229744,0.084674359,0.031844872,0.883511538,13,2.307692308
1102,Wyoming,0.132713333,0.143166667,0.081366667,0.775466667,5,3.4
1102,"Washington, D.C.",-0.016725942,0.073522946,0.06910348,0.857382732,91,2.461538462
1103,Rhode Island,0.033375833,0.090180833,0.094345833,0.815525,20,3.1
1103,Connecticut,-0.037648574,0.072456823,0.099702062,0.82781266,82,2.292682927
1103,Massachusetts,0.025943283,0.098961153,0.075392607,0.825654386,133,2.240601504
1103,New Hampshire,0.139944118,0.121220588,0.047862745,0.830916667,17,2.117647059
1103,Vermont,-0.064930556,0.031597222,0.087083333,0.881319444,12,2.166666667
1103,Delaware,-0.069042725,0.101327381,0.130685847,0.768000661,18,2.888888889
1103,Oklahoma,0.091170011,0.118655662,0.081371368,0.799985791,78,2.243589744
1103,Nevada,-0.019674784,0.094876938,0.091024031,0.814106783,86,2.23255814
1103,New Mexico,-0.071720699,0.057887097,0.119327957,0.822782258,31,1.806451613
1103,California,0.027944196,0.104492988,0.080465379,0.815045833,903,2.3089701
1103,Texas,0.034197678,0.102185997,0.08831636,0.809503403,544,2.183823529
1103,Florida,0.029175209,0.098383827,0.081475734,0.820126792,386,2.196891192
1103,Pennsylvania,-0.004887167,0.091392031,0.082977931,0.82563867,251,2.302788845
1103,New York,0.080899566,0.107098893,0.068662122,0.824236112,435,2.062068966
1103,Illinois,0.064451143,0.107543478,0.076319002,0.816143961,207,2.082125604
1103,Ohio,0.049967122,0.113669489,0.081137285,0.805188597,216,2.203703704
1103,Georgia,-0.004583477,0.095306801,0.087918924,0.816751286,174,2.045977011
1103,North Carolina,0.031077297,0.106720635,0.08671566,0.806555967,168,2.202380952
1103,Michigan,0.12060869,0.121763678,0.071426437,0.806825977,145,2.2
1103,New Jersey,0.033121398,0.098526894,0.081624079,0.819850766,115,2.426086957
1103,Virginia,0.089004005,0.105793886,0.072430903,0.821749004,145,2.020689655
1103,Washington,0.008528747,0.093091794,0.090879665,0.816020889,159,2.301886792
1103,Arizona,0.061117929,0.11872634,0.086426923,0.794844406,143,2.237762238
1103,Tennessee,0.008803183,0.092034486,0.091679365,0.816305329,126,2.198412698
1103,Indiana,0.105327749,0.10388167,0.063921817,0.832192126,127,2.57480315
1103,Missouri,0.023749766,0.09025678,0.084178186,0.825557891,105,2.39047619
1103,Maryland,0.053268918,0.090666228,0.062855556,0.846476754,114,1.964912281
1103,Wisconsin,-0.027326667,0.078726707,0.085428112,0.835831124,83,2.084337349
1103,Colorado,0.073666727,0.107250803,0.06847761,0.824262952,83,2.43373494
1103,Minnesota,0.009452981,0.094035544,0.088674533,0.817287276,107,2.878504673
1103,South Carolina,-0.031859585,0.085959596,0.118673954,0.795343723,66,2.015151515
1103,Alabama,-0.036302229,0.073854762,0.07467987,0.851469697,77,2.428571429
1103,Louisiana,-0.001226667,0.08416215,0.093629283,0.822221963,107,1.925233645
1103,Kentucky,0.051659959,0.095649486,0.063803409,0.840560363,88,2.477272727
1103,Oregon,0.024592039,0.086324781,0.085344737,0.828341447,76,2.118421053
1103,Utah,0.027547797,0.055801884,0.052670145,0.891506232,115,2.747826087
1103,Iowa,0.096781356,0.111554278,0.077183818,0.811232244,59,2.050847458
1103,Arkansas,0.02976808,0.080507292,0.084265625,0.8352375,32,2.53125
1103,Mississippi,0.05269447,0.115993197,0.074017396,0.809989407,49,2.448979592
1103,Kansas,0.046793495,0.119125333,0.095735619,0.785089381,50,2.34
1103,Nebraska,0.116855866,0.114239484,0.046465212,0.839292989,36,2.694444444
1103,West Virginia,0.053292029,0.117347826,0.068782609,0.813891304,23,2.173913043
1103,Idaho,0.068028503,0.099104847,0.078119048,0.82276182,28,2.321428571
1103,Hawaii,0.311000476,0.187752381,0.041785714,0.770485714,21,1.571428571
1103,Maine,-0.033631771,0.094544271,0.085622396,0.819856771,32,2.59375
1103,Montana,-0.077095729,0.094396875,0.139265625,0.766394792,16,2.5
1103,South Dakota,0.128368333,0.16875,0.058922222,0.772394444,15,2.466666667
1103,North Dakota,0.025930556,0.075175926,0.066763889,0.858060185,12,2.083333333
1103,Wyoming,0.0015375,0.09525,0.068,0.83675,4,1.75
1103,"Washington, D.C.",0.200813489,0.086706475,0.039658273,0.873634652,139,1.582733813
1105,Rhode Island,0.020377011,0.059818966,0.064224138,0.875962644,29,2.24137931
1105,Connecticut,0.063764947,0.100280526,0.083678421,0.816038421,95,2.084210526
1105,Massachusetts,0.01797771,0.086224707,0.079542896,0.834230757,183,2.109289617
1105,New Hampshire,0.031144203,0.083514493,0.078311594,0.838202899,23,2.347826087
1105,Vermont,0.048583333,0.024833333,0.025,0.950166667,6,2.5
1105,Delaware,0.061822536,0.128738406,0.06594058,0.805248551,23,2.217391304
1105,Oklahoma,-0.031042613,0.095058573,0.093771331,0.811139232,81,2.320987654
1105,Nevada,0.00967996,0.10356336,0.100771296,0.795679233,126,2.333333333
1105,New Mexico,-0.051927716,0.11722037,0.126850617,0.75595679,45,2.4
1105,California,0.001175198,0.093896137,0.091683251,0.814417771,991,2.189707366
1105,Texas,-0.000401035,0.096205906,0.094086627,0.809712497,613,2.146818923
1105,Florida,-0.00225582,0.088323006,0.094721629,0.816965053,449,2.08908686
1105,Pennsylvania,0.028707649,0.09317928,0.078995018,0.827829676,281,2.074733096
1105,New York,0.021523117,0.089523477,0.083502674,0.826973402,634,2.036277603
1105,Illinois,0.015666189,0.093912074,0.090433926,0.815657228,253,2.213438735
1105,Ohio,-0.015196739,0.087549591,0.093530692,0.818915728,265,2.203773585
1105,Georgia,0.014754125,0.08808065,0.082420191,0.829503458,252,2.142857143
1105,North Carolina,0.027323016,0.099095238,0.082572803,0.818341959,175,2.205714286
1105,Michigan,0.002968672,0.083745635,0.090250204,0.825990167,212,2.264150943
1105,New Jersey,0.009565025,0.090285518,0.086365498,0.823347967,164,2.073170732
1105,Virginia,-0.019706002,0.074759073,0.096629727,0.828620569,169,2.284023669
1105,Washington,-0.038544296,0.085193792,0.094574208,0.820243343,191,2.120418848
1105,Arizona,0.015834769,0.094440855,0.084313333,0.821244103,195,2.235897436
1105,Tennessee,0.063437516,0.085566129,0.079677742,0.834736237,155,2.116129032
1105,Indiana,0.02570788,0.098150907,0.078044898,0.823810091,147,2.387755102
1105,Missouri,0.041705474,0.094109416,0.074900462,0.831016293,121,2.41322314
1105,Maryland,0.014022828,0.084116291,0.07755181,0.838354804,171,2.216374269
1105,Wisconsin,-0.066603448,0.063280077,0.087164559,0.849550192,87,2.574712644
1105,Colorado,0.011320491,0.102225816,0.086497307,0.811281638,140,2.257142857
1105,Minnesota,0.061793244,0.097111383,0.076191124,0.8267165,114,2.342105263
1105,South Carolina,0.030330155,0.09122619,0.064634524,0.844103571,70,2.214285714
1105,Alabama,0.06565507,0.104346429,0.075486275,0.820156268,68,2.514705882
1105,Louisiana,0.063856018,0.095845934,0.082435586,0.821718095,130,1.907692308
1105,Kentucky,0.040160544,0.082956243,0.068346506,0.848705326,97,2.175257732
1105,Oregon,-0.072325145,0.074140036,0.097975543,0.827835507,92,2.282608696
1105,Utah,-0.069338308,0.066900758,0.111997222,0.821122222,66,2.348484848
1105,Iowa,-0.032432194,0.06899119,0.094286633,0.83673932,70,2.471428571
1105,Arkansas,0.004056229,0.090722038,0.109444131,0.799884994,43,2.441860465
1105,Mississippi,0.078780238,0.114348413,0.074671429,0.810975397,42,2.095238095
1105,Kansas,0.036098694,0.077756944,0.048381944,0.873888889,60,2.533333333
1105,Nebraska,0.057411198,0.085714583,0.059013281,0.855252604,64,2.375
1105,West Virginia,0.060607769,0.088720923,0.057327846,0.853971231,25,2.72
1105,Idaho,-0.028445513,0.051471154,0.06713141,0.881448718,26,2.269230769
1105,Hawaii,0.047928148,0.102466667,0.082877778,0.814544444,27,2.222222222
1105,Maine,0.025188705,0.089665215,0.063731998,0.84659669,41,2.487804878
1105,Montana,-0.217917857,0.117267857,0.126178571,0.756553571,14,1.857142857
1105,South Dakota,0.070320513,0.081326923,0.045711538,0.872961538,13,2.153846154
1105,North Dakota,-0.120027536,0.063037681,0.118561594,0.818348551,23,2.347826087
1105,Wyoming,-0.006425,0.17725,0.146,0.6765,1,4
1105,"Washington, D.C.",0.020692481,0.084917991,0.07235034,0.842757179,98,2.275510204
1106,Rhode Island,-0.075709259,0.058864198,0.07187037,0.869290123,27,2
1106,Connecticut,0.014807328,0.101040507,0.091294682,0.80766914,77,2.272727273
1106,Massachusetts,0.03662827,0.091877901,0.085256173,0.822870864,135,2.162962963
1106,New Hampshire,-0.022977632,0.073605263,0.09504386,0.831368421,19,2.105263158
1106,Vermont,0.026327333,0.067305556,0.061777778,0.870916667,15,2.133333333
1106,Delaware,0.019627556,0.064927778,0.064968333,0.870103889,30,2.066666667
1106,Oklahoma,0.07543918,0.127821858,0.075719672,0.796457104,61,2.491803279
1106,Nevada,0.005099378,0.094591711,0.090656463,0.814749696,133,2.473684211
1106,New Mexico,0.03404637,0.089507778,0.072238889,0.838245926,45,2.4
1106,California,0.03996347,0.097792768,0.080369834,0.821842626,1097,2.239744758
1106,Texas,0.009967939,0.091669533,0.09068718,0.817643633,557,2.247755835
1106,Florida,0.029015856,0.100227869,0.086022606,0.813748383,461,2.193058568
1106,Pennsylvania,0.046585098,0.093142221,0.076402597,0.830468606,257,2.229571984
1106,New York,0.030221744,0.094320073,0.089077663,0.81661057,569,2.054481547
1106,Illinois,0.013487514,0.100619241,0.090276987,0.809104381,246,2.215447154
1106,Ohio,0.023858234,0.10297966,0.080333588,0.816682835,234,2.017094017
1106,Georgia,0.04662398,0.117121324,0.091396765,0.791480931,170,2.017647059
1106,North Carolina,0.030141263,0.101616572,0.085762594,0.812625407,164,2.493902439
1106,Michigan,0.041564741,0.096694938,0.072881111,0.830436296,135,2.02962963
1106,New Jersey,0.001724732,0.100564539,0.093509321,0.805930632,141,2.269503546
1106,Virginia,0.01470713,0.099316469,0.093415187,0.807282939,169,2.218934911
1106,Washington,0.036291705,0.110630113,0.089966334,0.799413916,193,2.331606218
1106,Arizona,0.041024944,0.097127064,0.074178976,0.828695719,218,2.344036697
1106,Tennessee,0.046489898,0.101508187,0.076680409,0.821824561,114,2.254385965
1106,Indiana,0.0732986,0.104106667,0.083255333,0.8126185,100,2.14
1106,Missouri,0.019511323,0.096226632,0.083054983,0.82068866,97,2.144329897
1106,Maryland,0.067239313,0.102821461,0.081290363,0.815876612,147,2.081632653
1106,Wisconsin,0.02018602,0.094447255,0.075274902,0.830252353,85,2.517647059
1106,Colorado,0.002553039,0.090911938,0.095403646,0.813703879,143,2.118881119
1106,Minnesota,0.016866254,0.079456997,0.07481414,0.845706089,131,2.526717557
1106,South Carolina,0.109575604,0.101214179,0.075202488,0.823595771,67,2.089552239
1106,Alabama,0.035243664,0.134945703,0.08012686,0.784935249,64,2.5
1106,Louisiana,0.09397737,0.101000185,0.061419815,0.837577222,90,2.211111111
1106,Kentucky,0.042062652,0.103714899,0.07655303,0.819710101,66,2.106060606
1106,Oregon,-0.021103388,0.082093658,0.090770818,0.827120185,113,2.513274336
1106,Utah,0.03438439,0.073568044,0.068134868,0.858299843,121,2.652892562
1106,Iowa,-0.009665303,0.097463468,0.08195404,0.820590404,99,2.434343434
1106,Arkansas,0.062406759,0.119553704,0.079949074,0.800476389,36,2.416666667
1106,Mississippi,0.062319643,0.109678571,0.091041667,0.799369048,28,2.178571429
1106,Kansas,0.067526703,0.105000733,0.074992308,0.820050229,52,2.769230769
1106,Nebraska,0.117772726,0.097027162,0.058191934,0.844786006,49,2.469387755
1106,West Virginia,0.092019833,0.134393333,0.060343333,0.805263333,20,3
1106,Idaho,-0.032717658,0.099573423,0.099240541,0.801208559,37,2.513513514
1106,Hawaii,0.030310664,0.09025826,0.095522287,0.814163252,43,2.604651163
1106,Maine,0.04923719,0.11038381,0.088435238,0.801128571,35,2.4
1106,Montana,0.109886667,0.112016667,0.066611111,0.821438889,15,2
1106,South Dakota,0.082519483,0.125878161,0.083237356,0.790867241,29,3
1106,North Dakota,-0.29557,0,0.2341,0.7659,5,1.6
1106,Wyoming,0.230158,0.154453333,0.02008,0.825426667,5,3.6
1106,"Washington, D.C.",0.076409299,0.089236293,0.052611682,0.858167913,107,1.925233645
1107,Rhode Island,-0.003286,0.08562625,0.092264583,0.8221375,40,1.675
1107,Connecticut,0.093714479,0.12728244,0.076669345,0.796028869,112,2.125
1107,Massachusetts,0.101189838,0.117911463,0.067300898,0.814805318,313,2.303514377
1107,New Hampshire,0.039318708,0.110087917,0.056108611,0.833790139,60,2.2
1107,Vermont,0.042495686,0.085727451,0.054702941,0.859640196,17,2.647058824
1107,Delaware,0.10938584,0.14175271,0.055170732,0.803031843,41,2.292682927
1107,Oklahoma,0.031146105,0.086211243,0.060932513,0.852839688,151,2.099337748
1107,Nevada,0.019192457,0.095650908,0.084963348,0.819378973,160,2.2125
1107,New Mexico,0.173426852,0.145920679,0.057148457,0.796921605,54,2.185185185
1107,California,0.088143513,0.120391214,0.070107857,0.809506868,1604,2.195137157
1107,Texas,0.0805372,0.123316916,0.079769467,0.79691863,913,2.188389923
1107,Florida,0.052912508,0.106100889,0.076936622,0.816948364,814,2.235872236
1107,Pennsylvania,0.050117485,0.104376336,0.080276509,0.815342359,497,2.323943662
1107,New York,0.088110086,0.125328873,0.073889035,0.800776587,1070,2.138317757
1107,Illinois,0.095308938,0.12057102,0.072360875,0.807070251,466,2.152360515
1107,Ohio,0.081783988,0.116660033,0.076110075,0.80721961,402,2.062189055
1107,Georgia,0.055976333,0.104683967,0.076037701,0.819276702,368,2.089673913
1107,North Carolina,0.089817587,0.115408094,0.068591227,0.815993666,309,2.213592233
1107,Michigan,0.04548576,0.111268821,0.07706184,0.811675176,257,2.124513619
1107,New Jersey,0.090083336,0.120922862,0.068170477,0.810896128,269,2.096654275
1107,Virginia,0.101852535,0.123187783,0.071095528,0.805700023,348,2.175287356
1107,Washington,0.08040323,0.125189021,0.074763814,0.800050285,288,2.361111111
1107,Arizona,0.055721124,0.117879939,0.083320137,0.79878465,282,2.333333333
1107,Tennessee,0.074902587,0.115344248,0.077134577,0.807501897,268,1.985074627
1107,Indiana,0.065589384,0.113594829,0.07508398,0.811324962,221,2.235294118
1107,Missouri,0.073156998,0.106477952,0.071079422,0.82246734,175,2.022857143
1107,Maryland,0.117013679,0.128830261,0.060567972,0.810614055,217,1.953917051
1107,Wisconsin,0.043705229,0.103837554,0.07274966,0.823397851,154,2.285714286
1107,Colorado,0.071073718,0.112491026,0.073729015,0.813769298,247,2.157894737
1107,Minnesota,0.028102171,0.100240812,0.083996647,0.815789146,213,2.112676056
1107,South Carolina,0.035801366,0.082232849,0.079239438,0.838542442,172,1.796511628
1107,Alabama,0.004998292,0.105292069,0.088594768,0.80610414,157,1.929936306
1107,Louisiana,0.093121005,0.106201981,0.079272506,0.814521579,137,2.080291971
1107,Kentucky,0.093521463,0.120998134,0.057337227,0.821663851,148,2.256756757
1107,Oregon,0.04464946,0.123534445,0.089223731,0.787230795,182,2.395604396
1107,Utah,0.033227685,0.069767131,0.055211092,0.875021099,123,2.601626016
1107,Iowa,0.087930247,0.115363603,0.057019514,0.827613549,95,2.515789474
1107,Arkansas,0.076198739,0.104402015,0.052437027,0.843171642,78,2.192307692
1107,Mississippi,0.067467576,0.114738384,0.064298485,0.820964394,66,2.196969697
1107,Kansas,0.226182212,0.132525041,0.059353449,0.808065954,117,1.957264957
1107,Nebraska,0.105553938,0.116626284,0.071227115,0.812148794,76,2.526315789
1107,West Virginia,0.081303351,0.115206522,0.081837862,0.802941123,46,2.065217391
1107,Idaho,0.02909116,0.112394771,0.081290196,0.806279902,51,2.392156863
1107,Hawaii,0.093285847,0.127254365,0.071015212,0.801720503,63,2.142857143
1107,Maine,0.11222162,0.142280556,0.067046914,0.790681019,54,2.222222222
1107,Montana,0.066387193,0.090260526,0.070732456,0.839059649,19,1.894736842
1107,South Dakota,0.070053341,0.135128066,0.09526645,0.769620635,33,2.575757576
1107,North Dakota,0.031187667,0.109876667,0.080673333,0.809503333,25,2.04
1107,Wyoming,0.14695,0.1866,0.0702,0.7432,10,1.5
1107,"Washington, D.C.",0.087305377,0.117890388,0.056301055,0.82579803,190,2.221052632
1108,Rhode Island,0.057477039,0.110834161,0.099421532,0.789697619,23,2.782608696
1108,Connecticut,0.076580258,0.111146714,0.063946479,0.824892723,71,2.070422535
1108,Massachusetts,0.040293559,0.093911345,0.07514348,0.830946852,149,2.234899329
1108,New Hampshire,0.070590333,0.100779167,0.0562875,0.842958333,20,2.45
1108,Vermont,-0.005430952,0.105488095,0.111345238,0.783202381,14,2.214285714
1108,Delaware,0.082432083,0.076383333,0.056375,0.867254167,16,1.9375
1108,Oklahoma,7.25E-05,0.081670945,0.077679688,0.840666295,64,2.78125
1108,Nevada,0.035589833,0.096198741,0.072723095,0.831106259,70,2.2
1108,New Mexico,-0.000364198,0.104569444,0.100347222,0.795072531,54,2.296296296
1108,California,0.022671697,0.104726178,0.098888679,0.79639987,911,2.499451153
1108,Texas,0.053301166,0.105902566,0.089693939,0.804420551,515,2.211650485
1108,Florida,0.079692604,0.110421639,0.082861202,0.806722952,469,2.226012793
1108,Pennsylvania,0.015266149,0.107875267,0.098595753,0.793536103,236,2.292372881
1108,New York,0.045264637,0.104882686,0.086285454,0.808822658,576,2.135416667
1108,Illinois,0.051852475,0.096324856,0.065602443,0.83806875,232,2.142241379
1108,Ohio,0.038515622,0.108208514,0.086678666,0.805097505,185,2.351351351
1108,Georgia,0.012193381,0.091107154,0.07538204,0.833505407,213,2.145539906
1108,North Carolina,0.018623125,0.101588177,0.082157177,0.816249241,185,2.556756757
1108,Michigan,0.007843242,0.094301432,0.104733333,0.800942708,128,2.1796875
1108,New Jersey,-0.017283583,0.101291376,0.107266763,0.791430452,149,2.530201342
1108,Virginia,0.013377046,0.097722243,0.086590136,0.815685289,168,2.416666667
1108,Washington,0.048436183,0.10573368,0.082020745,0.812253042,173,2.589595376
1108,Arizona,0.015819284,0.098042185,0.077045151,0.82491549,177,2.129943503
1108,Tennessee,0.064789458,0.082384286,0.070621746,0.846988413,105,2.276190476
1108,Indiana,0.001636001,0.074588454,0.079559191,0.845831746,93,2.419354839
1108,Missouri,-0.011700287,0.094893984,0.095515719,0.809608218,93,2.247311828
1108,Maryland,0.039823571,0.109226453,0.077448969,0.813310142,127,2.25984252
1108,Wisconsin,-0.042185577,0.093473155,0.108732143,0.797794702,80,2.3375
1108,Colorado,0.01924943,0.102115385,0.090825356,0.807084188,117,2.427350427
1108,Minnesota,0.038250315,0.10684616,0.084786572,0.808358258,111,2.405405405
1108,South Carolina,-0.003710437,0.098659583,0.105151667,0.796189792,80,2.3625
1108,Alabama,0.107281088,0.112567824,0.067280556,0.820141204,72,2.125
1108,Louisiana,0.00123854,0.084642369,0.093034485,0.822340027,122,2.131147541
1108,Kentucky,0.048345581,0.102334109,0.068657558,0.829017636,86,2.290697674
1108,Oregon,-0.017944893,0.09522653,0.099126268,0.805637494,103,2.495145631
1108,Utah,0.028097277,0.043377063,0.037438119,0.919181518,101,2.801980198
1108,Iowa,0.125900907,0.118339216,0.051854657,0.829768137,68,2.323529412
1108,Arkansas,-0.023025203,0.084447561,0.084971545,0.830574797,41,2.390243902
1108,Mississippi,0.02703111,0.100732305,0.090900294,0.808362772,54,2.444444444
1108,Kansas,0.11007658,0.102607553,0.048978722,0.848409414,58,2.517241379
1108,Nebraska,0.126188017,0.156932184,0.069661207,0.773417529,58,2.844827586
1108,West Virginia,0.001021232,0.10277971,0.089651449,0.807612319,23,2.47826087
1108,Idaho,-0.060692351,0.064857738,0.100059821,0.83510744,40,2.05
1108,Hawaii,-0.009347281,0.127414035,0.082927193,0.789632456,19,2.473684211
1108,Maine,0.014559917,0.100505,0.08078,0.818648333,20,2.5
1108,Montana,0.056709524,0.059619048,0.037,0.903380952,7,1.714285714
1108,South Dakota,0.060596149,0.098716831,0.061917077,0.839354598,29,2.379310345
1108,North Dakota,0.034125,0.047566667,0.059516667,0.89285,5,2.4
1108,Wyoming,0.173823611,0.136111111,0.031166667,0.832638889,6,2.5
1108,"Washington, D.C.",-0.001308,0.084558788,0.08938697,0.826031818,55,2.218181818
1109,Rhode Island,0.058269841,0.092468254,0.056968254,0.850531746,21,2.380952381
1109,Connecticut,0.029165208,0.119581629,0.101966667,0.77845928,88,2.318181818
1109,Massachusetts,0.021891114,0.088102186,0.085381197,0.826507216,195,2.164102564
1109,New Hampshire,0.059673718,0.100778846,0.080182692,0.819038462,26,1.730769231
1109,Vermont,0.114682361,0.074469444,0.032023611,0.893548611,12,2.333333333
1109,Delaware,-0.008778431,0.093977941,0.093583333,0.812453431,34,1.676470588
1109,Oklahoma,-0.000909109,0.086366739,0.088440445,0.825187069,116,2.517241379
1109,Nevada,0.0467722,0.104080696,0.079226593,0.816698736,130,2.323076923
1109,New Mexico,0.034096078,0.118462092,0.082126471,0.799390196,51,2.588235294
1109,California,0.06136745,0.107882372,0.08165929,0.810457906,1134,2.191358025
1109,Texas,0.052248068,0.10239379,0.079227335,0.818383662,712,2.099719101
1109,Florida,0.038744177,0.112811458,0.081519701,0.805675627,528,2.227272727
1109,Pennsylvania,0.036827862,0.09554155,0.071298108,0.833149043,326,2.365030675
1109,New York,0.049145477,0.098140432,0.074730304,0.827127238,732,2.181693989
1109,Illinois,0.07618606,0.111881612,0.069619829,0.818501506,294,2.265306122
1109,Ohio,0.070654524,0.110197978,0.076714227,0.813097947,265,2.090566038
1109,Georgia,-0.006437215,0.088816849,0.094362208,0.816821308,228,2.043859649
1109,North Carolina,0.051737826,0.099826633,0.083502789,0.816692891,245,2.302040816
1109,Michigan,0.059796722,0.102094508,0.076178751,0.821731096,199,2.251256281
1109,New Jersey,0.012388831,0.094169569,0.0867,0.819108872,201,2.199004975
1109,Virginia,0.035223232,0.101336588,0.07484257,0.823829699,207,2.304347826
1109,Washington,0.021582913,0.093677499,0.093251406,0.813053591,219,2.205479452
1109,Arizona,0.006950077,0.100013824,0.098047844,0.801940571,201,2.432835821
1109,Tennessee,0.119956913,0.110573122,0.072708451,0.816735211,142,2.049295775
1109,Indiana,0.033047901,0.102206416,0.086106581,0.811664275,154,2.272727273
1109,Missouri,0.048479672,0.099925278,0.072008464,0.828074896,137,2.416058394
1109,Maryland,0.060296499,0.104590294,0.08638147,0.809020602,131,2.236641221
1109,Wisconsin,0.071540145,0.111654652,0.061175068,0.827173153,87,2.528735632
1109,Colorado,0.05771878,0.110120922,0.075767984,0.814122619,188,2.494680851
1109,Minnesota,0.05438025,0.116458867,0.078357159,0.805186962,145,2.44137931
1109,South Carolina,0.079650591,0.086762007,0.046785817,0.866474578,93,2.064516129
1109,Alabama,0.046174004,0.095159001,0.076141347,0.828702381,82,2.56097561
1109,Louisiana,0.077290787,0.110481703,0.074850751,0.814692909,92,2.173913043
1109,Kentucky,0.073371671,0.101523153,0.07111406,0.827374487,116,2.336206897
1109,Oregon,0.018598682,0.090548333,0.077078636,0.832384242,110,2.427272727
1109,Utah,0.020493042,0.087297361,0.06703125,0.845634583,120,2.225
1109,Iowa,0.015119853,0.08488663,0.081378022,0.833739927,91,2.450549451
1109,Arkansas,0.05426918,0.103739071,0.081834153,0.814418579,61,2
1109,Mississippi,-0.026017402,0.094301471,0.126558824,0.779093137,34,1.911764706
1109,Kansas,0.105742392,0.105898339,0.069211794,0.824861185,86,2.209302326
1109,Nebraska,0.050880933,0.082979556,0.057342778,0.859681667,75,2.56
1109,West Virginia,-0.047444687,0.100007813,0.106636979,0.793338542,32,2.1875
1109,Idaho,0.077445395,0.089078509,0.076741228,0.834182456,38,2.263157895
1109,Hawaii,0.08842973,0.10488964,0.074747748,0.820371622,37,2.378378378
1109,Maine,0.097775278,0.094283333,0.055569444,0.850117778,30,2.566666667
1109,Montana,0.062420238,0.099400794,0.053242063,0.847285714,21,1.714285714
1109,South Dakota,0.050698,0.086203333,0.063071667,0.850738333,25,2.48
1109,North Dakota,0.049535417,0.11753125,0.0845625,0.797875,16,2
1109,Wyoming,-0.0002625,0.100125,0.037,0.862625,4,1.75
1109,"Washington, D.C.",0.067941362,0.104407532,0.075113462,0.820495032,104,1.923076923
1110,Rhode Island,0.160108056,0.134058333,0.043472222,0.822455556,12,2
1110,Connecticut,0.031000234,0.109222756,0.080034936,0.810742308,52,2.307692308
1110,Massachusetts,0.080309461,0.09111532,0.056735185,0.852119192,99,2.070707071
1110,New Hampshire,-0.123477037,0.064844444,0.096111111,0.838988889,18,2.222222222
1110,Vermont,0.055979697,0.118443939,0.09505303,0.78650303,11,3.272727273
1110,Delaware,-0.021071429,0.017178571,0.031035714,0.951785714,14,2.357142857
1110,Oklahoma,-0.080414616,0.056469145,0.090640573,0.852883965,49,3.020408163
1110,Nevada,0.049829279,0.08253385,0.066673662,0.850784819,113,2.477876106
1110,New Mexico,-0.013022024,0.082855952,0.099141667,0.818008333,24,2.416666667
1110,California,0.058870847,0.106431855,0.074566702,0.818995665,864,2.292824074
1110,Texas,0.019123381,0.103212535,0.093013237,0.80376114,461,2.106290672
1110,Florida,0.00158868,0.095884356,0.089060291,0.815052752,298,2.251677852
1110,Pennsylvania,0.016751348,0.095036214,0.081172016,0.82379537,162,2.135802469
1110,New York,0.063659109,0.101234823,0.07429368,0.824471498,414,2.217391304
1110,Illinois,-0.022079381,0.095650957,0.091878756,0.81245637,194,2.164948454
1110,Ohio,-0.012497984,0.090193007,0.097156333,0.812650399,191,2.387434555
1110,Georgia,0.027254714,0.09572137,0.08039182,0.823873722,163,2.030674847
1110,North Carolina,0.07661125,0.109674444,0.085767292,0.804526181,120,2.341666667
1110,Michigan,-0.022620937,0.079973469,0.102622098,0.817408492,105,2.323809524
1110,New Jersey,-0.015754227,0.087260758,0.083518485,0.829212727,110,2.163636364
1110,Virginia,0.016708109,0.092248599,0.082792997,0.824983894,119,2.075630252
1110,Washington,0.01892901,0.089399315,0.074001386,0.836606442,146,2.438356164
1110,Arizona,0.066471329,0.110694865,0.08244412,0.80683617,115,2.260869565
1110,Tennessee,0.041648754,0.10496433,0.09813676,0.796895794,107,2.289719626
1110,Indiana,0.036369835,0.114757987,0.083478074,0.801776818,110,2.463636364
1110,Missouri,-0.010586899,0.070824262,0.066528692,0.862658017,79,2.594936709
1110,Maryland,0.036715026,0.091980971,0.057590551,0.850445538,127,1.960629921
1110,Wisconsin,-0.011429966,0.087219416,0.095993814,0.816801718,97,2.164948454
1110,Colorado,0.058223363,0.105186879,0.069697007,0.825106153,109,2.247706422
1110,Minnesota,0.024526917,0.08609244,0.064538571,0.849376964,140,2.485714286
1110,South Carolina,0.08670622,0.123358537,0.072358595,0.804282869,41,2.097560976
1110,Alabama,-0.032081525,0.065030508,0.111397175,0.823611864,59,1.898305085
1110,Louisiana,0.052439986,0.100382921,0.08296543,0.816658059,52,2.096153846
1110,Kentucky,0.041790405,0.112811145,0.093971986,0.793207118,94,2.329787234
1110,Oregon,-0.012834286,0.083452381,0.099121429,0.817417857,70,2.214285714
1110,Utah,-0.008160428,0.072636937,0.074686261,0.852681306,74,2.162162162
1110,Iowa,-0.053079491,0.070236183,0.105673521,0.824067569,66,2.590909091
1110,Arkansas,0.067771111,0.131941667,0.082819444,0.785230556,30,2.033333333
1110,Mississippi,0.046506882,0.097915591,0.081365591,0.820718817,31,1.935483871
1110,Kansas,-0.048482034,0.083951225,0.091691422,0.824342647,34,2.617647059
1110,Nebraska,-0.004949188,0.112953788,0.102681818,0.784387121,44,2.227272727
1110,West Virginia,0.050901111,0.088211111,0.059111111,0.852677778,9,2.666666667
1110,Idaho,0.001019071,0.063641026,0.076349359,0.860009615,26,2.423076923
1110,Hawaii,-0.029072976,0.078190476,0.077135714,0.844709524,28,2.142857143
1110,Maine,0.014141667,0.108833333,0.107316667,0.783794444,15,3
1110,Montana,0.186306061,0.135151515,0.017166667,0.847681818,11,2
1110,South Dakota,0.038344106,0.1168,0.072005691,0.811182114,41,2.853658537
1110,North Dakota,0.027516667,0.132333333,0.132333333,0.7355,6,1.333333333
1110,Wyoming,-0.008266667,0.059533333,0.128266667,0.8122,5,2.2
1110,"Washington, D.C.",0.126242659,0.11050119,0.049678571,0.83985119,42,2.404761905
1111,Rhode Island,0.004928667,0.087021429,0.083169048,0.82982381,35,2.428571429
1111,Connecticut,0.036240747,0.092163889,0.087190334,0.820631888,84,2.392857143
1111,Massachusetts,0.011380917,0.103951725,0.088639222,0.807402367,167,2.317365269
1111,New Hampshire,0.018179141,0.076983838,0.078764141,0.84424697,33,2.060606061
1111,Vermont,0.052983333,0.079006667,0.063654167,0.857326667,20,2.5
1111,Delaware,-0.069666359,0.082676687,0.123269444,0.794039286,24,2.5
1111,Oklahoma,0.004232538,0.086650568,0.085889962,0.827453788,88,2.227272727
1111,Nevada,-0.01893687,0.077494462,0.091366718,0.831122274,138,2.5
1111,New Mexico,0.009257372,0.100370994,0.084435897,0.815193109,52,2.807692308
1111,California,0.04006845,0.100361265,0.081255122,0.818378924,958,2.220250522
1111,Texas,0.023850604,0.100059316,0.088289437,0.811655693,761,2.132720105
1111,Florida,-0.00171591,0.097297869,0.087385673,0.815320341,515,2.452427184
1111,Pennsylvania,0.03452841,0.096215648,0.08565026,0.818146354,367,2.283378747
1111,New York,0.002410195,0.088550731,0.085225003,0.826228175,1042,2.153550864
1111,Illinois,0.00767011,0.091533261,0.086015853,0.822451222,276,2.315217391
1111,Ohio,0.00010557,0.085008111,0.086108518,0.828882141,542,2.241697417
1111,Georgia,0.013705553,0.093334345,0.088831473,0.817825949,247,2.08097166
1111,North Carolina,0.025736118,0.098974728,0.105362799,0.795685859,197,2.182741117
1111,Michigan,-0.01439036,0.073231133,0.095208165,0.831578547,198,2.232323232
1111,New Jersey,0.012986535,0.090312009,0.083230923,0.826443314,206,2.247572816
1111,Virginia,0.039400994,0.098411164,0.082274379,0.819313317,188,2.223404255
1111,Washington,0.018303785,0.100819153,0.086203591,0.812982781,181,2.314917127
1111,Arizona,-0.015900142,0.087069803,0.0950617,0.817867601,186,2.521505376
1111,Tennessee,0.037592633,0.098957749,0.08188949,0.819126221,157,2.152866242
1111,Indiana,0.037401729,0.084478221,0.070331663,0.845179061,196,2.632653061
1111,Missouri,0.040748783,0.086707908,0.064431448,0.848859793,137,2.562043796
1111,Maryland,0.001095332,0.097165121,0.085657476,0.817165498,161,2.118012422
1111,Wisconsin,-0.024578915,0.086968254,0.102901931,0.810139074,90,2.322222222
1111,Colorado,0.010657523,0.09298343,0.071660457,0.835337983,148,2.378378378
1111,Minnesota,0.049097189,0.096433889,0.072545667,0.831037667,150,2.493333333
1111,South Carolina,0.035020267,0.092672619,0.058851296,0.848472751,75,2.413333333
1111,Alabama,0.085191061,0.104430703,0.070593085,0.824979758,94,2.159574468
1111,Louisiana,0.014770159,0.099974203,0.091120022,0.808906824,127,1.905511811
1111,Kentucky,0.073793235,0.108658007,0.063562255,0.827786275,102,2.156862745
1111,Oregon,0.042901348,0.079084697,0.077991364,0.842893788,110,2.336363636
1111,Utah,0.034459583,0.094035088,0.064546272,0.841440132,76,2.513157895
1111,Iowa,-0.015604323,0.075899799,0.087127632,0.836965526,71,2.281690141
1111,Arkansas,0.060044333,0.100172857,0.061559524,0.838274762,35,2.428571429
1111,Mississippi,0.018545886,0.09778981,0.075348333,0.82688281,50,2.52
1111,Kansas,0.055969097,0.097218056,0.074617361,0.828171528,48,2.375
1111,Nebraska,0.065590876,0.098794409,0.065741983,0.835480485,79,2.569620253
1111,West Virginia,0.043854652,0.080438269,0.071965738,0.847547213,41,2.170731707
1111,Idaho,-0.026957247,0.060606061,0.086633838,0.85272601,33,2.696969697
1111,Hawaii,0.030889514,0.070082639,0.065315278,0.86458125,24,2.375
1111,Maine,0.014,0.093592949,0.06788141,0.838535256,26,2.153846154
1111,Montana,0.009528125,0.063083333,0.122197917,0.81478125,16,1.6875
1111,South Dakota,0.036838965,0.103612179,0.080718315,0.815675916,26,3.615384615
1111,North Dakota,0.052331111,0.138683333,0.091262963,0.770062963,18,2.166666667
1111,Wyoming,0.097567917,0.155333333,0.074870833,0.769795833,4,3.5
1111,"Washington, D.C.",-0.018415268,0.073461303,0.10665977,0.819884674,87,1.988505747
1112,Rhode Island,-0.012909614,0.084869565,0.091440338,0.823711836,69,2.057971014
1112,Connecticut,0.056645032,0.111324127,0.080917302,0.807769683,105,2.295238095
1112,Massachusetts,0.015408528,0.094459005,0.084831653,0.820715121,248,2.165322581
1112,New Hampshire,-0.003057971,0.100213768,0.097907609,0.801873188,46,2.065217391
1112,Vermont,0.045805,0.119055556,0.027077778,0.853888889,15,2.2
1112,Delaware,-0.0544244,0.083843333,0.123076667,0.79302,25,1.96
1112,Oklahoma,0.010970157,0.080971316,0.066349155,0.852691969,138,2.355072464
1112,Nevada,0.0601933,0.105848478,0.072587371,0.821538807,194,2.226804124
1112,New Mexico,0.032730788,0.116252027,0.082446396,0.801297748,74,2.635135135
1112,California,0.028683048,0.103978317,0.084191066,0.811823572,1379,2.285714286
1112,Texas,0.002341099,0.093156034,0.092293111,0.814552495,897,2.260869565
1112,Florida,0.012211452,0.099398458,0.092172148,0.808430852,606,2.227722772
1112,Pennsylvania,0.023009003,0.096552507,0.085592107,0.817853743,416,2.237980769
1112,New York,0.018523909,0.092690932,0.079984414,0.827337662,934,2.173447537
1112,Illinois,0.014472237,0.095977174,0.081949251,0.822082747,467,2.267665953
1112,Ohio,-0.008177837,0.081222258,0.083159296,0.83562087,392,2.43877551
1112,Georgia,0.012672079,0.094503153,0.082850236,0.822656769,293,2.153583618
1112,North Carolina,0.020046062,0.084570098,0.081975405,0.833448404,238,2.474789916
1112,Michigan,-0.001355012,0.092050509,0.094230287,0.813712767,290,2.406896552
1112,New Jersey,0.041811918,0.096304601,0.077164368,0.826546546,274,2.321167883
1112,Virginia,0.006918544,0.095631268,0.094721456,0.809650623,244,2.266393443
1112,Washington,0.032040231,0.102009219,0.091492479,0.806497444,336,2.318452381
1112,Arizona,-0.005315871,0.08621983,0.088362855,0.825422792,213,2.131455399
1112,Tennessee,0.058644781,0.084183582,0.060506965,0.855294527,201,2.308457711
1112,Indiana,0.037508737,0.101177856,0.090639984,0.808200223,203,2.403940887
1112,Missouri,-0.011064102,0.084543958,0.085413962,0.830057783,173,2.317919075
1112,Maryland,0.043651692,0.098361757,0.076180302,0.825439423,225,2.191111111
1112,Wisconsin,0.006123646,0.09100638,0.085000651,0.82399362,128,2.3984375
1112,Colorado,0.019112624,0.090420897,0.087839598,0.821741966,179,2.424581006
1112,Minnesota,0.029407148,0.10703631,0.083387619,0.809582155,200,2.65
1112,South Carolina,-0.031927763,0.081988203,0.083593477,0.834405431,121,2.297520661
1112,Alabama,0.039203818,0.105375,0.090244821,0.804394556,117,2.581196581
1112,Louisiana,0.080471451,0.107755782,0.059493084,0.832727324,147,1.897959184
1112,Kentucky,0.042905609,0.10139765,0.073298718,0.825316987,156,2.448717949
1112,Oregon,-0.014704232,0.082972807,0.099840241,0.817194079,152,2.381578947
1112,Utah,0.044584945,0.099416784,0.070070624,0.830518461,142,2.563380282
1112,Iowa,0.023093903,0.085647292,0.073611345,0.840749767,119,2.43697479
1112,Arkansas,0.08021543,0.111540591,0.071976075,0.816497581,62,2.483870968
1112,Mississippi,0.050407785,0.113073171,0.110198171,0.776751016,82,2.012195122
1112,Kansas,0.03120766,0.124939165,0.088058696,0.78703185,69,2.391304348
1112,Nebraska,-0.001523001,0.082178355,0.092865152,0.824961207,99,2.444444444
1112,West Virginia,-0.041790495,0.081627928,0.089602252,0.828754054,37,2.216216216
1112,Idaho,0.069207763,0.101505861,0.05400641,0.844485592,39,2.461538462
1112,Hawaii,0.1402324,0.110795333,0.063694667,0.825598,25,1.88
1112,Maine,0.004431096,0.084166667,0.070182895,0.845655702,38,2.815789474
1112,Montana,-0.033155702,0.0815,0.092280702,0.82620614,19,2
1112,South Dakota,0.029654074,0.108996296,0.088857778,0.802142222,45,2.666666667
1112,North Dakota,0.003087083,0.090339583,0.069102083,0.840508333,16,2.6875
1112,Wyoming,0.046277778,0.080222222,0.017555556,0.902222222,3,1.666666667
1112,"Washington, D.C.",0.06715484,0.106996173,0.062602469,0.830422346,135,2.148148148
1113,Rhode Island,-0.051561901,0.084435965,0.108643275,0.80692076,38,2.289473684
1113,Connecticut,0.010628702,0.10635381,0.084471967,0.809176398,115,2.4
1113,Massachusetts,-0.020843438,0.094144653,0.097192239,0.808664369,185,2.243243243
1113,New Hampshire,-0.028553095,0.092528829,0.093853411,0.813622265,37,2.351351351
1113,Vermont,0.087096491,0.103096491,0.043026316,0.853890351,19,2.105263158
1113,Delaware,-0.11144529,0.055728261,0.088717391,0.85551087,23,1.869565217
1113,Oklahoma,0.003987321,0.085907817,0.083847228,0.830258192,143,2.65034965
1113,Nevada,-0.010257019,0.088849244,0.082169875,0.828993143,233,2.236051502
1113,New Mexico,0.00279619,0.081590758,0.08043316,0.837966991,110,2.472727273
1113,California,0.019040417,0.09979305,0.092030923,0.808183706,1554,2.352638353
1113,Texas,0.021121021,0.100407858,0.090382949,0.809208963,869,2.363636364
1113,Florida,-0.001798599,0.095552049,0.089153013,0.815290122,595,2.290756303
1113,Pennsylvania,0.01460558,0.106219066,0.097311527,0.796477482,388,2.273195876
1113,New York,0.004847119,0.089304492,0.086928441,0.823771475,1017,2.177974435
1113,Illinois,0.024333559,0.095923691,0.08173877,0.822335695,443,2.23476298
1113,Ohio,0.012186893,0.089893326,0.088406975,0.821711766,411,2.309002433
1113,Georgia,0.022878296,0.10275661,0.098005276,0.799233987,315,2.371428571
1113,North Carolina,0.003676476,0.087124129,0.07587131,0.837003566,201,2.402985075
1113,Michigan,0.019728954,0.09130691,0.086265569,0.822415281,256,2.25
1113,New Jersey,0.011162804,0.088934164,0.083847293,0.827211159,234,2.311965812
1113,Virginia,0.005828153,0.094068509,0.08599668,0.819935031,303,2.356435644
1113,Washington,-0.012320552,0.089856813,0.098271345,0.81187029,322,2.49068323
1113,Arizona,-0.005998358,0.081860755,0.083105314,0.83503173,265,2.501886792
1113,Tennessee,0.013976259,0.094496302,0.086831844,0.818669159,235,2.255319149
1113,Indiana,0.040385449,0.102133614,0.078509176,0.819344288,178,2.275280899
1113,Missouri,0.068419851,0.105058896,0.068327368,0.826601504,182,2.406593407
1113,Maryland,-0.025362022,0.082219259,0.102752297,0.815030758,180,2.327777778
1113,Wisconsin,0.017125864,0.091191595,0.090393524,0.818371548,150,2.486666667
1113,Colorado,0.024506777,0.101506103,0.084414151,0.814082512,229,2.340611354
1113,Minnesota,0.046999842,0.103507407,0.086077429,0.810424287,246,2.910569106
1113,South Carolina,-0.023266567,0.0882565,0.101936167,0.809805333,100,2.33
1113,Alabama,-0.019831948,0.099855337,0.09570618,0.804438951,89,2.179775281
1113,Louisiana,0.002790294,0.100040956,0.097884773,0.802066283,124,2.290322581
1113,Kentucky,-0.003778229,0.087435417,0.085220486,0.827340625,144,2.451388889
1113,Oregon,0.018070345,0.094855911,0.07688087,0.828271511,203,2.201970443
1113,Utah,0.002869288,0.08150332,0.088077829,0.830430931,109,2.412844037
1113,Iowa,0.104430757,0.129915799,0.065089985,0.804976221,95,2.463157895
1113,Arkansas,0.00958826,0.079530952,0.077419153,0.843088761,68,2.573529412
1113,Mississippi,0.053281779,0.132066667,0.118038624,0.749906283,72,2.263888889
1113,Kansas,0.072834792,0.098960126,0.080393678,0.82063815,87,2.471264368
1113,Nebraska,0.064592353,0.094738703,0.062854433,0.842431155,94,2.287234043
1113,West Virginia,0.012025345,0.069042437,0.081403548,0.849527218,51,2.490196078
1113,Idaho,-0.018146945,0.080972358,0.087892189,0.831133014,82,2.43902439
1113,Hawaii,0.09388891,0.108499679,0.060666667,0.8308625,52,2.269230769
1113,Maine,0.030325273,0.14243025,0.076384122,0.781167843,83,2.927710843
1113,Montana,0.021160076,0.091293182,0.107444697,0.80122803,22,2.681818182
1113,South Dakota,0.001823049,0.101412689,0.098929356,0.799623106,44,2.931818182
1113,North Dakota,-0.009763932,0.08660768,0.094155991,0.819241705,31,2.774193548
1113,Wyoming,0.255227381,0.224654762,0.050690476,0.724654762,7,2.285714286
1113,"Washington, D.C.",0.017077033,0.086087565,0.076421228,0.837471327,153,2.222222222
1114,Rhode Island,0.017306839,0.132337356,0.080240805,0.787397701,29,2.448275862
1114,Connecticut,0.038319706,0.094510049,0.095378922,0.810119608,68,2.588235294
1114,Massachusetts,0.081804133,0.126215278,0.069097667,0.804685389,150,2.38
1114,New Hampshire,-0.054867864,0.075840476,0.09379068,0.830340272,35,2.342857143
1114,Vermont,0.062197976,0.094583333,0.064184524,0.841214286,14,2.285714286
1114,Delaware,-0.026334,0.137636667,0.10535,0.756936667,25,1.84
1114,Oklahoma,0.003042427,0.096077193,0.085863889,0.818077193,114,2.377192982
1114,Nevada,0.028965356,0.106267761,0.091529263,0.802194466,148,2.702702703
1114,New Mexico,-0.006212473,0.089840323,0.096016129,0.814116129,62,2.35483871
1114,California,0.014831017,0.1041863,0.090101615,0.805711914,1266,2.31042654
1114,Texas,0.043488246,0.104864193,0.086724808,0.808403417,641,2.185647426
1114,Florida,0.04483731,0.10286617,0.076079037,0.821057092,470,2.257446809
1114,Pennsylvania,-0.029008735,0.087424295,0.091625253,0.820954942,297,2.117845118
1114,New York,0.015681321,0.098654571,0.089472809,0.811867595,660,2.137878788
1114,Illinois,0.024868464,0.102316635,0.095945607,0.801736052,303,2.267326733
1114,Ohio,-0.012763945,0.09547667,0.090610651,0.813922396,283,2.314487633
1114,Georgia,0.033789811,0.102078592,0.081232222,0.816687181,266,2.296992481
1114,North Carolina,-0.007426462,0.09083086,0.098682328,0.810482778,180,2.183333333
1114,Michigan,-0.039174777,0.085406404,0.109968717,0.804623721,216,2.222222222
1114,New Jersey,0.029848893,0.098194354,0.087104529,0.814712311,201,2.223880597
1114,Virginia,0.00094551,0.096174447,0.089052513,0.814763241,216,2.273148148
1114,Washington,0.010505047,0.101847863,0.092046064,0.806113763,272,2.433823529
1114,Arizona,0.024473834,0.085565546,0.076702855,0.83771463,221,2.28959276
1114,Tennessee,-0.019168936,0.092434628,0.09482817,0.812758557,160,2.24375
1114,Indiana,0.042906273,0.091348289,0.067928439,0.84070649,144,2.388888889
1114,Missouri,0.028836012,0.08425253,0.080370759,0.835381473,112,2.383928571
1114,Maryland,-0.031504673,0.085837048,0.108783233,0.805378414,166,2.108433735
1114,Wisconsin,-0.04402567,0.072724399,0.097122852,0.830160481,97,2.041237113
1114,Colorado,-0.007947189,0.090814118,0.098423379,0.81077508,163,2.411042945
1114,Minnesota,0.018557583,0.098752937,0.082309274,0.818923123,200,2.53
1114,South Carolina,0.01725012,0.100381794,0.084314859,0.815334873,83,2.192771084
1114,Alabama,0.003917076,0.085021637,0.069831287,0.845169006,57,2.421052632
1114,Louisiana,0.010659979,0.087025963,0.083515114,0.829453416,115,2
1114,Kentucky,0.075503013,0.122795791,0.083935859,0.79323468,99,2.181818182
1114,Oregon,0.002314543,0.10343474,0.086861271,0.809698469,154,2.201298701
1114,Utah,0.048566535,0.095932749,0.066703655,0.837369444,114,2.245614035
1114,Iowa,-0.047227269,0.109998843,0.109712037,0.78032037,72,2.555555556
1114,Arkansas,-0.012217222,0.081910234,0.085075439,0.833011404,57,2.175438596
1114,Mississippi,-0.029352642,0.109767073,0.10800935,0.782243902,41,2.365853659
1114,Kansas,0.071236322,0.126760267,0.088321167,0.784922785,79,2.493670886
1114,Nebraska,0.060862821,0.085677289,0.059125916,0.855187179,52,2.423076923
1114,West Virginia,-0.032350882,0.103808824,0.108504902,0.787723039,34,2.382352941
1114,Idaho,0.043953491,0.078183108,0.069871847,0.85193964,37,2.459459459
1114,Hawaii,0.063199857,0.081333333,0.072908095,0.845765714,35,2.428571429
1114,Maine,0.013038675,0.118358974,0.082801282,0.798852564,39,2.128205128
1114,Montana,0.0809405,0.129595,0.101675,0.76868,10,3.1
1114,South Dakota,-0.040118388,0.09915625,0.094756994,0.806112798,48,2.5625
1114,North Dakota,0.084083765,0.09432729,0.069524459,0.836156251,25,3.2
1114,Wyoming,0.027328333,0.1477,0.062,0.7901,5,3.2
1114,"Washington, D.C.",0.014453141,0.090637077,0.093694129,0.815678335,131,2.129770992
1115,Rhode Island,0.009596603,0.098402564,0.101746795,0.799853846,26,2.576923077
1115,Connecticut,0.033005015,0.09955243,0.094039164,0.806394801,49,2.265306122
1115,Massachusetts,0.005318012,0.097129551,0.091782165,0.811086658,164,2.195121951
1115,New Hampshire,0.047824634,0.132455691,0.128086585,0.739449593,41,2.073170732
1115,Vermont,-0.075226364,0.104669697,0.092068182,0.803284848,11,3.636363636
1115,Delaware,0.0440875,0.1143,0.07995,0.8057,20,1.4
1115,Oklahoma,-0.068669819,0.074692118,0.124237438,0.801079926,58,2.551724138
1115,Nevada,0.024661801,0.099046218,0.082777628,0.818188333,130,2.453846154
1115,New Mexico,-0.034226064,0.073067021,0.082154255,0.844753901,47,2.978723404
1115,California,-0.003418598,0.111744345,0.099574163,0.788701256,1173,2.190110827
1115,Texas,0.004286321,0.100313079,0.096390916,0.803283955,578,2.314878893
1115,Florida,-0.015441983,0.087593277,0.092101786,0.82031433,488,2.385245902
1115,Pennsylvania,-0.013838685,0.091158757,0.089356022,0.819473828,256,2.23828125
1115,New York,0.022228187,0.099109248,0.088557254,0.812343086,638,2.111285266
1115,Illinois,0.050862269,0.108718066,0.082048181,0.809240442,278,2.179856115
1115,Ohio,-0.019974587,0.095489209,0.088021076,0.816486884,280,2.325
1115,Georgia,0.049883157,0.112129779,0.083925598,0.803948256,213,2.253521127
1115,North Carolina,0.044103912,0.095318861,0.076483957,0.828239339,153,2.588235294
1115,Michigan,0.017865111,0.09506938,0.08517,0.819759167,390,2.479487179
1115,New Jersey,0.015968612,0.100428763,0.092018363,0.807575862,174,2.413793103
1115,Virginia,0.024786741,0.107345774,0.082587743,0.810062096,203,2.315270936
1115,Washington,-0.022886104,0.091671444,0.104710202,0.803619592,404,2.574257426
1115,Arizona,0.002923816,0.098744573,0.091301964,0.809948254,160,2.50625
1115,Tennessee,0.066400296,0.10355995,0.070292163,0.826150821,125,2.24
1115,Indiana,0.023654068,0.10051327,0.100226424,0.799279537,143,2.447552448
1115,Missouri,0.053439634,0.112525087,0.082101212,0.805369913,110,2.445454545
1115,Maryland,0.058225503,0.104330423,0.082931026,0.812730835,162,2.12345679
1115,Wisconsin,0.033964909,0.093223596,0.076192616,0.830580979,89,2.325842697
1115,Colorado,0.0259293,0.098998934,0.101395958,0.799577844,162,2.895061728
1115,Minnesota,0.039190226,0.083485093,0.080044598,0.83647348,184,2.456521739
1115,South Carolina,0.064393437,0.11453619,0.090158929,0.795329881,60,2.333333333
1115,Alabama,0.006875507,0.105693186,0.086623481,0.807674859,59,2.542372881
1115,Louisiana,0.054188041,0.118481472,0.079020252,0.802481719,87,1.988505747
1115,Kentucky,-0.003691212,0.081334113,0.086667984,0.832002328,113,2.407079646
1115,Oregon,0.015289292,0.098109595,0.08868486,0.813205545,145,2.627586207
1115,Utah,0.010351045,0.117083333,0.106248507,0.776618408,67,2.194029851
1115,Iowa,-0.023954751,0.103720149,0.092861692,0.803414179,67,2.328358209
1115,Arkansas,0.002611138,0.071998466,0.07485873,0.853102804,45,2.222222222
1115,Mississippi,0.015107059,0.106703431,0.098404412,0.794870098,34,2.352941176
1115,Kansas,-0.005921459,0.094790432,0.093760362,0.811467725,54,2.5
1115,Nebraska,0.04373582,0.11167328,0.073884392,0.814447619,63,2.492063492
1115,West Virginia,-0.032620988,0.07341358,0.08742716,0.839165432,27,2.074074074
1115,Idaho,0.011714225,0.088378947,0.102343713,0.809268567,38,2.078947368
1115,Hawaii,0.070307286,0.119240952,0.09827619,0.782492381,35,2.371428571
1115,Maine,-0.053629966,0.10566131,0.116884354,0.777454337,28,2.5
1115,Montana,-0.082225,0.0672,0.080275,0.852525,10,1.9
1115,South Dakota,0.018572986,0.098569444,0.083807639,0.817589583,24,2.25
1115,North Dakota,0.097935733,0.120478667,0.050964,0.828577333,25,2.56
1115,Wyoming,0.031475,0.032416667,0.0479375,0.919645833,4,2.75
1115,"Washington, D.C.",-0.010458227,0.103462727,0.097799545,0.798761515,110,2.436363636
1116,Rhode Island,-0.007034823,0.083403191,0.08295461,0.833626241,47,2.340425532
1116,Connecticut,0.107678509,0.126950219,0.062527193,0.810556579,76,2.381578947
1116,Massachusetts,0.027486111,0.088614735,0.077956268,0.833418135,234,2.311965812
1116,New Hampshire,0.034685905,0.118357143,0.106147619,0.775490476,35,2.285714286
1116,Vermont,0.082661979,0.109661458,0.08759375,0.802744792,16,2.125
1116,Delaware,-0.076458226,0.063835484,0.112394086,0.823746237,31,2.451612903
1116,Oklahoma,0.045286861,0.082395671,0.063855087,0.853735714,154,2.402597403
1116,Nevada,-0.008257573,0.081674202,0.093364742,0.824935347,188,2.462765957
1116,New Mexico,-0.022639886,0.083685818,0.083768081,0.83254127,69,2.594202899
1116,California,0.002128229,0.094236735,0.091695832,0.814066374,1556,2.357969152
1116,Texas,0.032641868,0.101433442,0.089981019,0.808591832,884,2.255656109
1116,Florida,-0.02685451,0.093386967,0.09680469,0.809809702,692,2.416184971
1116,Pennsylvania,-0.016983646,0.085324447,0.096579902,0.818095056,476,2.182773109
1116,New York,0.006686983,0.094213787,0.089387177,0.816391937,857,2.225204201
1116,Illinois,0.029572414,0.092804276,0.079921691,0.827276842,404,2.282178218
1116,Ohio,-0.000216123,0.08878874,0.090984997,0.820238855,423,2.368794326
1116,Georgia,-0.00580287,0.090732176,0.082700926,0.826566204,288,2.239583333
1116,North Carolina,0.029457004,0.11074635,0.091816913,0.797437312,232,2.405172414
1116,Michigan,-0.017501972,0.080127593,0.092873997,0.827000978,292,2.267123288
1116,New Jersey,0.012302557,0.092369324,0.091358237,0.816274758,230,2.239130435
1116,Virginia,0.034586037,0.095313204,0.078837962,0.825861627,284,2.309859155
1116,Washington,0.024796791,0.102195538,0.08922869,0.808575102,373,2.386058981
1116,Arizona,0.014043261,0.094661271,0.094377664,0.81095597,278,2.399280576
1116,Tennessee,0.023741408,0.083925375,0.07665126,0.839404046,201,2.76119403
1116,Indiana,0.059127769,0.111541871,0.073636395,0.814826383,190,2.310526316
1116,Missouri,0.019095355,0.084604863,0.072486985,0.842901796,236,2.512711864
1116,Maryland,0.038575379,0.09273911,0.082937784,0.824342992,176,2.102272727
1116,Wisconsin,-0.008132792,0.083612678,0.101989316,0.814380199,117,2.393162393
1116,Colorado,0.075607111,0.111806407,0.071088527,0.817113883,207,2.507246377
1116,Minnesota,0.006785581,0.093733155,0.080778007,0.825521052,253,2.438735178
1116,South Carolina,-0.0234382,0.091993736,0.088184014,0.819834155,84,2.261904762
1116,Alabama,0.038874797,0.097053711,0.084132843,0.818815406,102,2.333333333
1116,Louisiana,0.026704231,0.096648148,0.087952422,0.815376638,117,1.965811966
1116,Kentucky,0.044866373,0.100722653,0.073899296,0.825368075,142,2.309859155
1116,Oregon,-0.032767554,0.087316272,0.098923373,0.813753649,169,2.431952663
1116,Utah,-0.040300926,0.064011574,0.103332176,0.832653935,72,2.069444444
1116,Iowa,-0.013165934,0.085352832,0.088086038,0.826568331,206,2.563106796
1116,Arkansas,0.299095091,0.13729062,0.090539226,0.771968134,99,1.717171717
1116,Mississippi,0.038589654,0.115352201,0.11036478,0.774290881,53,2.509433962
1116,Kansas,0.056427303,0.092500372,0.076722557,0.830777865,96,2.583333333
1116,Nebraska,0.022564283,0.081513566,0.082170736,0.836310853,86,2.476744186
1116,West Virginia,-0.071250556,0.060942361,0.0901875,0.848880556,48,2
1116,Idaho,-0.081718481,0.072042593,0.090975185,0.836976667,45,2.088888889
1116,Hawaii,0.11091875,0.119219907,0.047206019,0.833574074,36,2.194444444
1116,Maine,0.006850946,0.088345495,0.09479009,0.816867568,37,2.864864865
1116,Montana,0.221539348,0.189502506,0.048761905,0.761709273,19,2.368421053
1116,South Dakota,0.023291958,0.115282083,0.078924167,0.805779167,40,2.45
1116,North Dakota,-0.086541111,0.067261111,0.145233333,0.787505556,15,2.533333333
1116,Wyoming,0.078621282,0.12279359,0.056758974,0.820332051,13,2.307692308
1116,"Washington, D.C.",0.075376715,0.110861739,0.073056534,0.816064027,129,2.178294574
1117,Rhode Island,0.01267931,0.099241379,0.116131609,0.784627011,29,2.517241379
1117,Connecticut,0.02040709,0.102436947,0.077724482,0.81985465,85,2.270588235
1117,Massachusetts,0.056206233,0.100342312,0.067336971,0.832287197,179,2.43575419
1117,New Hampshire,0.116555256,0.109113462,0.048285897,0.842605769,26,2.769230769
1117,Vermont,0.251209667,0.1569,0.0436,0.7995,10,2.5
1117,Delaware,0.028672454,0.087722222,0.078951389,0.833326389,36,1.944444444
1117,Oklahoma,-0.010856221,0.092077228,0.077325413,0.830599505,101,2.495049505
1117,Nevada,-0.026203345,0.092065476,0.098893497,0.809056741,175,2.548571429
1117,New Mexico,-0.058045812,0.086243542,0.111575625,0.802214167,80,2.45
1117,California,0.02947691,0.099915903,0.086849915,0.813238309,1442,2.22260749
1117,Texas,0.02053567,0.097182656,0.090679735,0.8121492,921,2.160694897
1117,Florida,-0.000415023,0.104097413,0.097124824,0.798772362,608,2.138157895
1117,Pennsylvania,0.021799587,0.097838549,0.08074521,0.821428202,425,2.209411765
1117,New York,0.021030935,0.100172015,0.086980268,0.812847626,840,2.120238095
1117,Illinois,0.010916688,0.09414105,0.085784,0.820060005,411,2.226277372
1117,Ohio,0.026640352,0.101465895,0.082534219,0.815984418,584,2.214041096
1117,Georgia,0.029566847,0.107402871,0.091055505,0.801555454,282,2.159574468
1117,North Carolina,0.084081826,0.111595804,0.068344332,0.820043708,247,2.380566802
1117,Michigan,-0.002723129,0.088408133,0.098878071,0.812690595,250,2.068
1117,New Jersey,0.030665609,0.096174075,0.079174046,0.824637418,211,2.341232227
1117,Virginia,0.030334199,0.103476144,0.094886799,0.801628013,258,2.30620155
1117,Washington,0.019456541,0.106748829,0.084169133,0.809076381,271,2.546125461
1117,Arizona,0.008732304,0.097563584,0.090103968,0.812343318,277,2.469314079
1117,Tennessee,0.052504761,0.092325571,0.073503319,0.834168164,198,2.237373737
1117,Indiana,0.035409894,0.095628224,0.078669263,0.82570323,199,2.211055276
1117,Missouri,0.002826964,0.094194505,0.088278468,0.817530811,185,2.135135135
1117,Maryland,0.03390446,0.094288246,0.078400452,0.827313904,237,2.257383966
1117,Wisconsin,-0.009937392,0.073079186,0.086229007,0.840685742,142,2.415492958
1117,Colorado,0.057599831,0.108739419,0.080499391,0.810760965,223,2.381165919
1117,Minnesota,0.030661481,0.094298926,0.078536857,0.827157324,268,2.570895522
1117,South Carolina,-0.033500042,0.080706907,0.087508189,0.831828859,91,2.153846154
1117,Alabama,0.061262269,0.104807857,0.0767825,0.818389226,100,2.47
1117,Louisiana,0.061002814,0.108046063,0.084241301,0.807729303,140,2.307142857
1117,Kentucky,0.052459927,0.109004207,0.080527534,0.810479711,163,2.331288344
1117,Oregon,0.043840148,0.096485046,0.073270091,0.830230023,146,2.315068493
1117,Utah,0.035640814,0.08667178,0.065101894,0.848266098,88,2.181818182
1117,Iowa,0.061838643,0.097960696,0.068637609,0.833417761,111,2.603603604
1117,Arkansas,-0.051513271,0.06523913,0.101579952,0.833178502,69,2.449275362
1117,Mississippi,0.125515058,0.12067415,0.056051215,0.823231098,49,2.571428571
1117,Kansas,0.036309419,0.094785859,0.064736869,0.840478535,66,2.212121212
1117,Nebraska,0.012934218,0.073250227,0.053288685,0.873477755,105,2.466666667
1117,West Virginia,-0.048138447,0.061507143,0.09007619,0.848416667,44,2.227272727
1117,Idaho,-0.074239966,0.092358844,0.098095238,0.809566327,49,2
1117,Hawaii,0.029031838,0.100246581,0.07927094,0.820526068,39,2.333333333
1117,Maine,0.02436883,0.081448582,0.077835106,0.840710993,47,2.29787234
1117,Montana,-0.058929524,0.078177249,0.153205159,0.768617593,18,2.722222222
1117,South Dakota,0.025702931,0.103360106,0.088596032,0.808059788,45,2.511111111
1117,North Dakota,0.166021111,0.121911111,0.0494,0.828855556,15,1.733333333
1117,Wyoming,0.013618056,0.048402778,0.072791667,0.878805556,6,2.166666667
1117,"Washington, D.C.",0.00972362,0.090011885,0.075025273,0.834963388,122,2.073770492
1118,Rhode Island,0.11509101,0.144147475,0.101463131,0.754392929,33,2.454545455
1118,Connecticut,-0.00083563,0.09396,0.095005185,0.811038519,90,2.355555556
1118,Massachusetts,0.05841896,0.089979257,0.061039252,0.848971133,177,2.016949153
1118,New Hampshire,-0.009871179,0.070614634,0.069073171,0.86032439,41,2.219512195
1118,Vermont,-0.136435714,0.059095238,0.120238095,0.820666667,7,2.571428571
1118,Delaware,-0.019956452,0.05616129,0.103209677,0.84066129,31,2.129032258
1118,Oklahoma,0.00331418,0.086080688,0.07837694,0.835558245,126,2.476190476
1118,Nevada,-0.134706556,0.082038727,0.137916842,0.780035956,177,2.186440678
1118,New Mexico,0.005570801,0.08400768,0.095554248,0.82045768,102,2.460784314
1118,California,0.006834827,0.092481046,0.088148315,0.819368359,1297,2.464919044
1118,Texas,0.002400048,0.096076013,0.09196426,0.811957993,923,2.397616468
1118,Florida,0.022553197,0.105982265,0.085805586,0.808215963,588,2.221088435
1118,Pennsylvania,0.015173283,0.094411518,0.081851825,0.823728357,492,2.390243902
1118,New York,0.018740515,0.090725467,0.081506715,0.827766296,985,2.224365482
1118,Illinois,0.034951304,0.0996557,0.080969082,0.819384396,345,2.191304348
1118,Ohio,0.022538432,0.098961145,0.085645933,0.815385644,370,2.356756757
1118,Georgia,-0.076367786,0.080353791,0.117118934,0.802532158,314,2.181528662
1118,North Carolina,0.052939976,0.101480005,0.082838835,0.815680837,206,2.233009709
1118,Michigan,0.023909274,0.09586398,0.086113575,0.818025026,226,2.336283186
1118,New Jersey,0.012446732,0.084899585,0.081495662,0.833595694,264,2.424242424
1118,Virginia,0.04092606,0.109555634,0.081589217,0.808834423,224,2.410714286
1118,Washington,0.014780355,0.098548224,0.079943088,0.821522578,258,2.329457364
1118,Arizona,0.021831995,0.095272854,0.079519309,0.825216053,346,2.49132948
1118,Tennessee,-0.030321839,0.085397691,0.105543697,0.809076108,221,2.538461538
1118,Indiana,-0.032122228,0.088539108,0.10794662,0.803497181,174,2.195402299
1118,Missouri,0.066928743,0.097480171,0.069732569,0.832780536,165,2.345454545
1118,Maryland,0.063261846,0.098151695,0.077172222,0.824678908,177,2.096045198
1118,Wisconsin,0.039884267,0.105548021,0.079713018,0.814735714,154,2.422077922
1118,Colorado,0.019428439,0.097385043,0.085210879,0.817386386,195,2.430769231
1118,Minnesota,-0.000371497,0.094123959,0.08586145,0.820006962,343,2.711370262
1118,South Carolina,0.061878975,0.117972342,0.072087217,0.809956433,99,2.373737374
1118,Alabama,0.025952432,0.094225225,0.099117568,0.806686036,74,2.135135135
1118,Louisiana,0.060289003,0.108970702,0.076500847,0.814519976,118,1.889830508
1118,Kentucky,-0.016447766,0.082686928,0.090172736,0.82713841,204,2.328431373
1118,Oregon,-0.035086536,0.087784358,0.095208284,0.816982126,144,2.659722222
1118,Utah,-0.007371922,0.087606667,0.094679216,0.817712157,85,2.235294118
1118,Iowa,0.002017178,0.09365396,0.096897525,0.809468317,101,2.138613861
1118,Arkansas,-0.014724857,0.054295238,0.086770238,0.858760714,70,2.142857143
1118,Mississippi,-0.022546209,0.092538889,0.118868301,0.788553595,51,2.470588235
1118,Kansas,0.009220543,0.094551264,0.090293229,0.815170111,97,2.484536082
1118,Nebraska,0.003957181,0.088329412,0.066961765,0.844711275,68,2.705882353
1118,West Virginia,-0.149868411,0.060213566,0.137872093,0.801925969,43,2.325581395
1118,Idaho,0.072213101,0.0951,0.072286434,0.832613566,43,2.465116279
1118,Hawaii,0.011292828,0.091737805,0.089752904,0.818484901,41,2.097560976
1118,Maine,-0.080830519,0.074148519,0.074710741,0.851096296,45,2.222222222
1118,Montana,-0.111216667,0.074838889,0.098883333,0.826161111,15,1.866666667
1118,South Dakota,-0.014734222,0.072315556,0.067557778,0.860143333,45,2.444444444
1118,North Dakota,0.049523274,0.128635714,0.085750595,0.78561369,28,2.357142857
1118,Wyoming,-0.014516667,0.12,0.089833333,0.790166667,9,2
1118,"Washington, D.C.",0.056712563,0.083685938,0.090192187,0.826150208,160,1.8375
1119,Rhode Island,0.082078294,0.118085417,0.062354427,0.81954974,64,2.421875
1119,Connecticut,0.016185018,0.100297863,0.076793468,0.822900427,91,2.43956044
1119,Massachusetts,0.034865092,0.095024325,0.072892923,0.832083981,217,2.138248848
1119,New Hampshire,0.02887342,0.111096264,0.078468966,0.81043908,58,2.206896552
1119,Vermont,0.126848718,0.120185897,0.052602564,0.827211538,13,2.461538462
1119,Delaware,0.058117525,0.089523559,0.059524123,0.850952318,38,2.552631579
1119,Oklahoma,0.023524173,0.086982446,0.077131574,0.835880672,157,2.445859873
1119,Nevada,-0.053723086,0.084920196,0.10482432,0.810247704,224,2.40625
1119,New Mexico,-0.000672854,0.083380658,0.071338051,0.84528376,81,2.839506173
1119,California,0.010427072,0.09434376,0.089367465,0.816286175,1825,2.275068493
1119,Texas,0.014574835,0.091272088,0.08838982,0.820338557,999,2.243243243
1119,Florida,0.040611734,0.095588825,0.074317816,0.830093828,675,2.268148148
1119,Pennsylvania,0.025625679,0.101688206,0.08198885,0.816326246,429,2.284382284
1119,New York,0.015463091,0.088558209,0.080716686,0.830731979,931,2.229860365
1119,Illinois,-0.000331885,0.088334074,0.093584189,0.818083503,434,2.232718894
1119,Ohio,0.020022837,0.099579738,0.081610184,0.818820406,447,2.263982103
1119,Georgia,0.026344568,0.100648516,0.090907552,0.808451026,390,2.174358974
1119,North Carolina,0.033024537,0.097168361,0.07785679,0.824979972,270,2.444444444
1119,Michigan,0.033344909,0.096844002,0.083645339,0.819499082,298,2.204697987
1119,New Jersey,0.026278903,0.098774749,0.087245612,0.813994639,280,2.421428571
1119,Virginia,-0.003196517,0.086902031,0.086502393,0.826597463,265,2.388679245
1119,Washington,0.056244901,0.108411538,0.083847669,0.807724417,286,2.262237762
1119,Arizona,0.001653822,0.089361972,0.094387195,0.816248771,291,2.384879725
1119,Tennessee,0.044320778,0.104322481,0.082644653,0.813056303,224,2.276785714
1119,Indiana,-0.000470909,0.104959415,0.110533539,0.784508484,197,2.045685279
1119,Missouri,0.006010424,0.094413538,0.090484625,0.815096978,223,2.556053812
1119,Maryland,0.036082459,0.105263077,0.090843476,0.803880627,195,2.117948718
1119,Wisconsin,-0.010218441,0.090275553,0.084111854,0.825614353,142,2.295774648
1119,Colorado,0.009451405,0.098755521,0.090902776,0.810344469,229,2.427947598
1119,Minnesota,0.035369901,0.099566249,0.084397746,0.816035596,262,2.679389313
1119,South Carolina,-0.000296808,0.08456765,0.091348595,0.824076463,144,2.465277778
1119,Alabama,0.019641882,0.101866918,0.092894872,0.805239812,104,2.538461538
1119,Louisiana,0.071950818,0.092806996,0.067788889,0.839390741,162,1.925925926
1119,Kentucky,0.068459502,0.106159705,0.074524543,0.819317581,164,2.353658537
1119,Oregon,-0.053327432,0.102363128,0.105017922,0.792644064,146,2.198630137
1119,Utah,0.0787467,0.0864415,0.065837,0.847715167,100,2.26
1119,Iowa,0.024393431,0.105798235,0.094865098,0.79936902,85,2.105882353
1119,Arkansas,-0.033237407,0.076686532,0.10180202,0.821518182,99,2.242424242
1119,Mississippi,0.007603417,0.119009231,0.104462093,0.776529407,57,3.157894737
1119,Kansas,0.025831853,0.097928461,0.080268734,0.821800221,129,2.379844961
1119,Nebraska,0.013624651,0.099162956,0.082306524,0.818529437,77,2.233766234
1119,West Virginia,0.010624196,0.085603869,0.095474405,0.818939583,56,1.982142857
1119,Idaho,-5.81E-05,0.091750705,0.092457055,0.815790697,54,2.574074074
1119,Hawaii,0.023591425,0.08415113,0.085561945,0.830281275,59,2.576271186
1119,Maine,0.08087787,0.101274769,0.065130093,0.83358588,36,2.611111111
1119,Montana,-0.023752609,0.055113043,0.05887029,0.886027536,23,2.173913043
1119,South Dakota,0.100823889,0.115514103,0.064047863,0.820410256,39,2.153846154
1119,North Dakota,0.054153472,0.108819444,0.085111111,0.806069444,24,2.458333333
1119,Wyoming,0.033857949,0.073147436,0.056583333,0.870269231,13,2.384615385
1119,"Washington, D.C.",0.034043199,0.098503134,0.097579292,0.80392388,185,1.913513514
1120,Rhode Island,-0.069669792,0.065142361,0.101336806,0.833479167,24,1.875
1120,Connecticut,0.049231458,0.089507386,0.07955483,0.830959564,88,2.181818182
1120,Massachusetts,0.049598872,0.116621061,0.084904892,0.798498839,201,1.965174129
1120,New Hampshire,0.123535072,0.116828261,0.075571739,0.807534783,23,2.434782609
1120,Vermont,0.014714881,0.087872619,0.088988095,0.823139286,14,2.5
1120,Delaware,0.134432156,0.142454497,0.047444312,0.81007619,18,3
1120,Oklahoma,0.056320607,0.105181353,0.076161838,0.818659924,107,2.401869159
1120,Nevada,0.01189496,0.108705772,0.085480745,0.805825125,172,2.197674419
1120,New Mexico,0.057331641,0.108304687,0.071158854,0.820536458,64,2.453125
1120,California,0.05306099,0.104700928,0.080540978,0.814762671,1426,2.193548387
1120,Texas,0.05499212,0.112890632,0.08317942,0.803936116,811,2.213316893
1120,Florida,0.046142345,0.100400467,0.08202959,0.817569915,596,2.162751678
1120,Pennsylvania,0.027301227,0.104594355,0.081995041,0.813399425,410,2.280487805
1120,New York,0.045322621,0.104420167,0.075841024,0.819743394,860,2.130232558
1120,Illinois,0.061275687,0.107441842,0.080490173,0.812050306,346,2.089595376
1120,Ohio,-0.008900664,0.09141476,0.092081894,0.816496026,296,2.172297297
1120,Georgia,0.011706919,0.090100792,0.09386376,0.816044046,252,2.198412698
1120,North Carolina,0.073455218,0.111923261,0.085209518,0.802867262,206,2.276699029
1120,Michigan,0.012529078,0.102078882,0.090639987,0.807273206,207,2.236714976
1120,New Jersey,0.035492319,0.092823255,0.075663242,0.831503001,219,2.063926941
1120,Virginia,0.002625255,0.094817288,0.086575306,0.818617026,272,2.514705882
1120,Washington,0.044066387,0.108936833,0.082362351,0.80871398,249,2.253012048
1120,Arizona,0.025735102,0.092950264,0.083448767,0.823586015,253,2.391304348
1120,Tennessee,0.05266625,0.107717729,0.076773238,0.815520937,189,2.291005291
1120,Indiana,-0.028049889,0.088053381,0.101208016,0.810756354,169,2.207100592
1120,Missouri,0.047552058,0.098633147,0.072306797,0.829071229,179,2.284916201
1120,Maryland,0.051239618,0.099075588,0.096354902,0.804565588,170,2.029411765
1120,Wisconsin,-0.01439544,0.09294459,0.091200754,0.815867156,120,2.425
1120,Colorado,0.03726918,0.086156816,0.071693678,0.842135696,175,2.297142857
1120,Minnesota,0.036144607,0.092039018,0.082787734,0.825186774,191,2.45026178
1120,South Carolina,0.040288453,0.103547986,0.087494758,0.808970458,101,2.514851485
1120,Alabama,0.077768535,0.092118519,0.06691633,0.840960101,99,2.060606061
1120,Louisiana,0.06073658,0.107188986,0.070757246,0.822067536,115,1.895652174
1120,Kentucky,0.060451206,0.112110454,0.086146846,0.801730727,174,2.534482759
1120,Oregon,-0.027435625,0.086884509,0.091340205,0.821777818,158,2.208860759
1120,Utah,0.056404746,0.065820159,0.050296825,0.883881111,105,2.304761905
1120,Iowa,0.03748487,0.126371131,0.079331771,0.794278869,64,2.28125
1120,Arkansas,-0.028897443,0.093835057,0.102460345,0.803733333,58,2.155172414
1120,Mississippi,0.080675687,0.092642628,0.054013645,0.853343727,52,2.346153846
1120,Kansas,0.048449077,0.122480256,0.089441538,0.788073077,65,2.523076923
1120,Nebraska,0.045376131,0.106006548,0.103254762,0.7907,56,2.339285714
1120,West Virginia,-0.033248485,0.079713636,0.092867424,0.827381061,44,2.090909091
1120,Idaho,-0.001515657,0.088,0.10215404,0.809840909,33,1.636363636
1120,Hawaii,0.090660417,0.092856696,0.052018998,0.855104167,48,2.1875
1120,Maine,0.039587484,0.119938817,0.064943813,0.815157143,44,2.795454545
1120,Montana,0.116806635,0.105393016,0.066171429,0.828446667,15,2.666666667
1120,South Dakota,0.067593116,0.099702899,0.043858696,0.856405797,23,2.086956522
1120,North Dakota,0.005431282,0.140644872,0.094557692,0.764797436,13,2.923076923
1120,Wyoming,-0.134615,0.05265,0.0655,0.88185,5,1.6
1120,"Washington, D.C.",0.07049395,0.104858911,0.074816597,0.820323512,136,2.205882353